i,j,weight
0,1,1.0
0,4,1.0
0,40,1.0
0,123,1.0
0,277,1.0
0,307,1.0
0,519,1.0
0,532,1.0
0,588,1.0
0,696,1.0
0,996,1.0
0,997,1.0
0,998,1.0
0,999,1.0
1,4,1.0
1,28,1.0
1,89,1.0
1,403,1.0
1,820,1.0
1,997,1.0
1,998,1.0
1,999,1.0
2,4,1.0
2,5,1.0
2,6,1.0
2,460,1.0
2,578,1.0
2,957,1.0
2,997,1.0
3,4,1.0
3,6,1.0
3,7,1.0
3,233,1.0
3,388,1.0
3,533,1.0
3,672,1.0
3,721,1.0
3,858,1.0
4,6,1.0
4,8,1.0
4,182,1.0
4,391,1.0
4,708,1.0
4,760,1.0
5,7,1.0
5,9,1.0
5,290,1.0
5,336,1.0
5,539,1.0
5,832,1.0
5,978,1.0
6,7,1.0
6,52,1.0
6,83,1.0
6,90,1.0
6,92,1.0
6,491,1.0
6,946,1.0
6,989,1.0
7,11,1.0
7,254,1.0
7,629,1.0
7,758,1.0
7,945,1.0
8,9,1.0
8,10,1.0
8,11,1.0
8,12,1.0
8,224,1.0
8,232,1.0
8,260,1.0
8,269,1.0
9,10,1.0
9,11,1.0
9,13,1.0
9,89,1.0
9,470,1.0
9,620,1.0
10,11,1.0
10,13,1.0
10,14,1.0
10,729,1.0
11,12,1.0
11,13,1.0
11,15,1.0
11,516,1.0
11,793,1.0
12,13,1.0
12,15,1.0
12,16,1.0
12,69,1.0
12,426,1.0
13,15,1.0
13,17,1.0
13,91,1.0
13,173,1.0
13,446,1.0
13,629,1.0
13,732,1.0
13,867,1.0
14,15,1.0
14,16,1.0
14,18,1.0
14,242,1.0
14,505,1.0
14,538,1.0
14,629,1.0
14,650,1.0
14,718,1.0
14,744,1.0
15,17,1.0
15,18,1.0
15,241,1.0
15,272,1.0
15,898,1.0
16,18,1.0
16,19,1.0
16,20,1.0
16,107,1.0
16,390,1.0
16,778,1.0
17,20,1.0
17,21,1.0
17,49,1.0
17,472,1.0
17,491,1.0
17,787,1.0
17,818,1.0
18,19,1.0
18,21,1.0
18,243,1.0
18,406,1.0
18,829,1.0
19,21,1.0
19,23,1.0
19,36,1.0
19,78,1.0
19,293,1.0
19,401,1.0
20,23,1.0
20,24,1.0
20,429,1.0
20,430,1.0
20,431,1.0
21,23,1.0
21,24,1.0
21,63,1.0
21,189,1.0
21,386,1.0
21,438,1.0
21,503,1.0
21,509,1.0
22,23,1.0
22,24,1.0
22,25,1.0
22,26,1.0
22,280,1.0
22,470,1.0
22,545,1.0
22,580,1.0
23,24,1.0
23,25,1.0
23,26,1.0
23,104,1.0
23,207,1.0
23,864,1.0
23,930,1.0
24,25,1.0
24,28,1.0
24,120,1.0
24,132,1.0
24,308,1.0
24,404,1.0
24,670,1.0
24,910,1.0
25,26,1.0
25,28,1.0
25,172,1.0
25,260,1.0
25,525,1.0
25,676,1.0
25,940,1.0
25,981,1.0
26,27,1.0
26,29,1.0
26,187,1.0
26,189,1.0
26,694,1.0
26,798,1.0
26,855,1.0
27,28,1.0
27,30,1.0
27,62,1.0
27,378,1.0
27,502,1.0
27,901,1.0
28,30,1.0
28,31,1.0
28,32,1.0
28,191,1.0
28,723,1.0
28,892,1.0
28,979,1.0
29,32,1.0
29,33,1.0
29,70,1.0
29,129,1.0
29,298,1.0
29,481,1.0
29,536,1.0
30,31,1.0
30,33,1.0
30,34,1.0
30,112,1.0
30,249,1.0
30,264,1.0
30,610,1.0
30,742,1.0
31,33,1.0
31,35,1.0
31,289,1.0
31,342,1.0
31,689,1.0
31,710,1.0
31,808,1.0
32,33,1.0
32,34,1.0
32,35,1.0
32,36,1.0
32,113,1.0
32,213,1.0
33,34,1.0
33,35,1.0
33,276,1.0
33,353,1.0
33,695,1.0
33,834,1.0
34,36,1.0
34,38,1.0
34,102,1.0
34,259,1.0
34,708,1.0
34,818,1.0
34,857,1.0
35,36,1.0
35,39,1.0
35,406,1.0
35,698,1.0
35,924,1.0
36,37,1.0
36,39,1.0
36,40,1.0
36,297,1.0
36,391,1.0
36,755,1.0
36,817,1.0
37,39,1.0
37,40,1.0
37,41,1.0
37,495,1.0
37,703,1.0
37,709,1.0
38,39,1.0
38,40,1.0
38,41,1.0
38,42,1.0
38,138,1.0
38,325,1.0
38,452,1.0
39,41,1.0
39,73,1.0
39,279,1.0
39,305,1.0
39,730,1.0
39,797,1.0
40,42,1.0
40,43,1.0
40,44,1.0
40,183,1.0
40,248,1.0
40,253,1.0
40,313,1.0
40,586,1.0
40,879,1.0
41,42,1.0
41,44,1.0
41,45,1.0
41,120,1.0
41,487,1.0
41,556,1.0
42,43,1.0
42,44,1.0
42,51,1.0
42,171,1.0
42,321,1.0
42,391,1.0
42,597,1.0
42,664,1.0
43,44,1.0
43,217,1.0
43,318,1.0
43,628,1.0
43,726,1.0
43,998,1.0
44,46,1.0
44,48,1.0
44,157,1.0
44,175,1.0
44,621,1.0
44,642,1.0
44,961,1.0
45,47,1.0
45,49,1.0
45,253,1.0
45,611,1.0
45,643,1.0
45,943,1.0
46,48,1.0
46,50,1.0
46,134,1.0
46,163,1.0
47,51,1.0
47,120,1.0
47,182,1.0
47,352,1.0
47,358,1.0
47,712,1.0
48,51,1.0
48,198,1.0
48,589,1.0
48,713,1.0
48,715,1.0
48,757,1.0
48,821,1.0
49,51,1.0
49,53,1.0
49,173,1.0
49,452,1.0
49,752,1.0
49,859,1.0
50,52,1.0
50,53,1.0
50,266,1.0
50,325,1.0
50,508,1.0
50,519,1.0
50,524,1.0
51,52,1.0
51,54,1.0
51,55,1.0
51,163,1.0
51,230,1.0
51,686,1.0
52,53,1.0
52,54,1.0
52,55,1.0
52,56,1.0
52,289,1.0
53,54,1.0
53,55,1.0
53,56,1.0
53,458,1.0
53,466,1.0
53,733,1.0
53,794,1.0
54,278,1.0
54,322,1.0
54,425,1.0
54,934,1.0
54,941,1.0
55,56,1.0
55,57,1.0
55,58,1.0
55,59,1.0
55,204,1.0
55,543,1.0
55,925,1.0
56,57,1.0
56,58,1.0
56,59,1.0
56,60,1.0
56,167,1.0
56,579,1.0
56,727,1.0
57,59,1.0
57,84,1.0
57,268,1.0
57,340,1.0
57,488,1.0
57,586,1.0
57,610,1.0
57,777,1.0
58,59,1.0
58,62,1.0
58,294,1.0
58,519,1.0
58,624,1.0
59,60,1.0
59,61,1.0
59,62,1.0
59,459,1.0
60,61,1.0
60,63,1.0
60,64,1.0
60,229,1.0
61,62,1.0
61,63,1.0
61,64,1.0
61,240,1.0
61,318,1.0
61,555,1.0
61,992,1.0
62,63,1.0
62,64,1.0
62,66,1.0
62,156,1.0
63,64,1.0
63,66,1.0
63,67,1.0
63,164,1.0
63,819,1.0
64,66,1.0
64,67,1.0
64,248,1.0
64,322,1.0
64,505,1.0
64,636,1.0
64,871,1.0
64,933,1.0
65,69,1.0
65,170,1.0
65,277,1.0
65,773,1.0
66,67,1.0
66,69,1.0
66,70,1.0
66,91,1.0
66,99,1.0
66,141,1.0
66,637,1.0
66,843,1.0
66,941,1.0
67,68,1.0
67,70,1.0
67,71,1.0
67,93,1.0
67,111,1.0
67,286,1.0
67,507,1.0
67,910,1.0
68,70,1.0
68,71,1.0
68,303,1.0
68,370,1.0
68,379,1.0
68,841,1.0
68,843,1.0
68,848,1.0
69,71,1.0
69,73,1.0
69,133,1.0
69,547,1.0
69,716,1.0
70,71,1.0
70,72,1.0
70,73,1.0
70,74,1.0
70,758,1.0
71,72,1.0
71,75,1.0
71,426,1.0
71,467,1.0
71,588,1.0
71,912,1.0
71,913,1.0
72,73,1.0
72,76,1.0
72,295,1.0
72,311,1.0
72,433,1.0
72,525,1.0
72,978,1.0
73,74,1.0
73,75,1.0
73,76,1.0
73,77,1.0
73,139,1.0
74,75,1.0
74,141,1.0
74,336,1.0
74,446,1.0
74,512,1.0
75,76,1.0
75,77,1.0
75,202,1.0
75,508,1.0
75,910,1.0
76,80,1.0
76,306,1.0
76,654,1.0
76,730,1.0
76,862,1.0
76,909,1.0
77,78,1.0
77,211,1.0
77,278,1.0
77,306,1.0
77,454,1.0
77,534,1.0
77,967,1.0
78,82,1.0
78,201,1.0
78,374,1.0
78,384,1.0
78,387,1.0
78,423,1.0
78,519,1.0
79,81,1.0
79,82,1.0
79,83,1.0
79,385,1.0
79,707,1.0
80,83,1.0
80,84,1.0
80,493,1.0
80,773,1.0
80,835,1.0
80,836,1.0
80,968,1.0
80,984,1.0
81,82,1.0
81,83,1.0
81,85,1.0
81,323,1.0
81,333,1.0
81,569,1.0
81,621,1.0
81,633,1.0
82,83,1.0
82,84,1.0
82,85,1.0
82,86,1.0
82,250,1.0
82,294,1.0
82,775,1.0
82,783,1.0
83,84,1.0
83,86,1.0
83,182,1.0
83,882,1.0
83,885,1.0
84,87,1.0
84,153,1.0
84,234,1.0
84,591,1.0
84,748,1.0
84,933,1.0
85,87,1.0
85,89,1.0
85,151,1.0
85,663,1.0
85,872,1.0
85,915,1.0
86,89,1.0
86,90,1.0
86,184,1.0
86,348,1.0
86,359,1.0
86,494,1.0
87,90,1.0
87,91,1.0
87,181,1.0
87,366,1.0
87,756,1.0
88,91,1.0
88,92,1.0
88,376,1.0
88,389,1.0
88,474,1.0
88,638,1.0
88,689,1.0
88,963,1.0
89,90,1.0
89,91,1.0
89,269,1.0
89,307,1.0
89,349,1.0
89,407,1.0
89,465,1.0
89,652,1.0
89,939,1.0
90,92,1.0
90,93,1.0
90,366,1.0
90,487,1.0
90,534,1.0
90,601,1.0
90,692,1.0
90,870,1.0
90,908,1.0
91,93,1.0
91,94,1.0
91,95,1.0
92,93,1.0
92,95,1.0
92,576,1.0
92,808,1.0
93,96,1.0
93,97,1.0
93,210,1.0
93,479,1.0
93,725,1.0
93,757,1.0
93,780,1.0
93,790,1.0
94,97,1.0
94,98,1.0
94,287,1.0
94,296,1.0
94,411,1.0
94,453,1.0
94,471,1.0
94,658,1.0
94,766,1.0
95,97,1.0
95,443,1.0
95,657,1.0
95,667,1.0
95,712,1.0
95,718,1.0
95,929,1.0
96,97,1.0
96,98,1.0
96,99,1.0
96,100,1.0
96,618,1.0
96,687,1.0
97,98,1.0
97,99,1.0
97,100,1.0
97,101,1.0
97,185,1.0
97,281,1.0
98,99,1.0
98,100,1.0
98,101,1.0
98,103,1.0
98,272,1.0
98,838,1.0
99,102,1.0
99,103,1.0
99,128,1.0
99,173,1.0
99,627,1.0
100,101,1.0
100,102,1.0
100,103,1.0
100,104,1.0
100,225,1.0
100,612,1.0
100,705,1.0
100,856,1.0
101,103,1.0
101,105,1.0
101,182,1.0
101,790,1.0
102,103,1.0
102,105,1.0
102,106,1.0
102,892,1.0
103,104,1.0
103,106,1.0
103,107,1.0
103,767,1.0
104,106,1.0
104,107,1.0
104,187,1.0
104,236,1.0
104,247,1.0
105,106,1.0
105,108,1.0
105,131,1.0
105,612,1.0
105,745,1.0
105,912,1.0
106,109,1.0
106,110,1.0
106,160,1.0
106,161,1.0
106,254,1.0
106,297,1.0
106,307,1.0
106,332,1.0
107,111,1.0
107,250,1.0
107,375,1.0
107,464,1.0
107,847,1.0
107,929,1.0
108,111,1.0
108,152,1.0
108,409,1.0
108,468,1.0
108,657,1.0
108,674,1.0
108,815,1.0
109,110,1.0
109,112,1.0
109,228,1.0
109,745,1.0
109,809,1.0
110,111,1.0
110,113,1.0
110,114,1.0
110,226,1.0
110,370,1.0
111,114,1.0
111,115,1.0
111,134,1.0
111,169,1.0
111,247,1.0
112,113,1.0
112,114,1.0
112,125,1.0
112,252,1.0
113,114,1.0
113,115,1.0
113,207,1.0
114,117,1.0
114,118,1.0
114,401,1.0
114,440,1.0
115,117,1.0
115,118,1.0
115,119,1.0
115,456,1.0
116,117,1.0
116,119,1.0
116,207,1.0
116,269,1.0
116,543,1.0
117,119,1.0
117,121,1.0
117,209,1.0
117,382,1.0
117,639,1.0
117,933,1.0
118,119,1.0
118,120,1.0
118,121,1.0
118,122,1.0
119,120,1.0
119,121,1.0
119,122,1.0
119,123,1.0
119,155,1.0
119,449,1.0
119,817,1.0
120,122,1.0
120,124,1.0
120,612,1.0
120,679,1.0
121,122,1.0
121,124,1.0
121,125,1.0
121,650,1.0
121,664,1.0
121,751,1.0
122,123,1.0
122,124,1.0
122,125,1.0
122,126,1.0
122,483,1.0
122,494,1.0
123,125,1.0
123,126,1.0
123,447,1.0
123,448,1.0
123,498,1.0
123,688,1.0
123,861,1.0
124,125,1.0
124,126,1.0
124,128,1.0
124,165,1.0
124,182,1.0
124,588,1.0
125,126,1.0
125,127,1.0
125,128,1.0
125,475,1.0
125,493,1.0
125,832,1.0
126,127,1.0
126,128,1.0
126,265,1.0
126,386,1.0
126,435,1.0
126,753,1.0
127,128,1.0
127,130,1.0
127,299,1.0
127,428,1.0
127,518,1.0
127,551,1.0
127,570,1.0
127,787,1.0
127,915,1.0
127,967,1.0
127,969,1.0
128,131,1.0
128,132,1.0
128,531,1.0
128,756,1.0
129,130,1.0
129,132,1.0
129,242,1.0
129,706,1.0
130,133,1.0
130,134,1.0
130,162,1.0
130,882,1.0
131,133,1.0
131,135,1.0
131,615,1.0
131,653,1.0
131,745,1.0
132,133,1.0
132,136,1.0
132,934,1.0
132,952,1.0
132,962,1.0
133,136,1.0
133,137,1.0
133,159,1.0
133,270,1.0
133,283,1.0
133,492,1.0
133,915,1.0
134,135,1.0
134,136,1.0
134,138,1.0
134,396,1.0
135,136,1.0
135,137,1.0
135,138,1.0
135,462,1.0
135,823,1.0
136,137,1.0
136,138,1.0
136,140,1.0
136,239,1.0
137,139,1.0
137,140,1.0
137,141,1.0
137,220,1.0
137,258,1.0
137,348,1.0
137,960,1.0
138,139,1.0
138,142,1.0
138,290,1.0
138,419,1.0
138,655,1.0
139,141,1.0
139,143,1.0
139,164,1.0
140,142,1.0
140,144,1.0
140,516,1.0
140,605,1.0
141,145,1.0
141,226,1.0
141,647,1.0
142,144,1.0
142,145,1.0
142,146,1.0
142,380,1.0
142,431,1.0
142,564,1.0
142,650,1.0
142,970,1.0
142,985,1.0
143,147,1.0
143,318,1.0
143,392,1.0
143,427,1.0
143,472,1.0
144,145,1.0
144,148,1.0
144,231,1.0
144,306,1.0
145,149,1.0
145,170,1.0
145,188,1.0
145,332,1.0
145,516,1.0
145,626,1.0
145,653,1.0
145,891,1.0
146,147,1.0
146,149,1.0
146,246,1.0
146,416,1.0
146,768,1.0
147,151,1.0
147,377,1.0
147,437,1.0
147,444,1.0
147,769,1.0
148,149,1.0
148,151,1.0
148,152,1.0
148,417,1.0
148,423,1.0
148,539,1.0
148,664,1.0
149,150,1.0
149,151,1.0
149,721,1.0
149,806,1.0
149,848,1.0
150,152,1.0
150,328,1.0
150,353,1.0
150,430,1.0
150,454,1.0
150,787,1.0
150,824,1.0
150,989,1.0
151,152,1.0
151,259,1.0
151,712,1.0
151,767,1.0
152,153,1.0
152,529,1.0
152,601,1.0
153,155,1.0
153,156,1.0
153,451,1.0
153,830,1.0
153,902,1.0
154,156,1.0
154,157,1.0
154,270,1.0
154,519,1.0
154,594,1.0
154,831,1.0
155,156,1.0
155,157,1.0
155,159,1.0
155,769,1.0
155,870,1.0
156,157,1.0
156,158,1.0
156,159,1.0
156,160,1.0
156,273,1.0
156,418,1.0
157,160,1.0
157,161,1.0
157,655,1.0
157,670,1.0
157,889,1.0
158,159,1.0
158,160,1.0
158,161,1.0
158,162,1.0
158,376,1.0
158,972,1.0
159,160,1.0
159,162,1.0
159,605,1.0
159,709,1.0
159,931,1.0
159,966,1.0
160,162,1.0
160,164,1.0
160,227,1.0
160,668,1.0
160,836,1.0
161,163,1.0
161,165,1.0
161,636,1.0
161,757,1.0
161,933,1.0
162,165,1.0
162,166,1.0
162,309,1.0
162,647,1.0
162,942,1.0
162,966,1.0
163,164,1.0
163,165,1.0
163,290,1.0
163,330,1.0
163,811,1.0
163,912,1.0
164,167,1.0
164,369,1.0
164,616,1.0
164,806,1.0
165,166,1.0
165,168,1.0
165,202,1.0
165,508,1.0
165,702,1.0
166,170,1.0
166,374,1.0
166,480,1.0
166,769,1.0
167,170,1.0
167,171,1.0
167,256,1.0
167,619,1.0
167,912,1.0
168,169,1.0
168,305,1.0
168,468,1.0
168,650,1.0
168,727,1.0
168,783,1.0
169,170,1.0
169,171,1.0
169,600,1.0
169,834,1.0
169,951,1.0
169,971,1.0
170,172,1.0
170,173,1.0
170,174,1.0
170,371,1.0
170,394,1.0
170,413,1.0
170,490,1.0
171,174,1.0
171,347,1.0
171,705,1.0
172,175,1.0
172,234,1.0
172,308,1.0
172,358,1.0
172,362,1.0
172,452,1.0
172,641,1.0
172,772,1.0
172,794,1.0
172,855,1.0
173,175,1.0
173,177,1.0
173,894,1.0
174,175,1.0
174,176,1.0
174,178,1.0
174,605,1.0
174,706,1.0
174,867,1.0
175,176,1.0
175,177,1.0
175,178,1.0
175,253,1.0
175,697,1.0
176,177,1.0
176,179,1.0
176,255,1.0
176,275,1.0
176,616,1.0
177,178,1.0
177,179,1.0
177,180,1.0
177,455,1.0
177,926,1.0
178,179,1.0
178,181,1.0
178,182,1.0
178,212,1.0
178,598,1.0
178,599,1.0
178,753,1.0
179,205,1.0
179,426,1.0
179,573,1.0
179,796,1.0
179,974,1.0
179,996,1.0
180,182,1.0
180,256,1.0
180,458,1.0
180,516,1.0
180,707,1.0
180,734,1.0
180,991,1.0
181,183,1.0
181,185,1.0
181,409,1.0
181,626,1.0
182,567,1.0
182,654,1.0
182,806,1.0
183,185,1.0
183,186,1.0
183,756,1.0
184,185,1.0
184,187,1.0
184,388,1.0
184,791,1.0
184,953,1.0
184,956,1.0
185,188,1.0
185,550,1.0
185,633,1.0
185,689,1.0
185,707,1.0
186,187,1.0
186,189,1.0
186,190,1.0
186,265,1.0
186,447,1.0
186,754,1.0
186,892,1.0
186,906,1.0
187,189,1.0
187,238,1.0
187,496,1.0
187,585,1.0
188,190,1.0
188,191,1.0
188,192,1.0
188,193,1.0
188,391,1.0
188,623,1.0
188,649,1.0
189,191,1.0
189,192,1.0
190,191,1.0
190,192,1.0
190,193,1.0
190,194,1.0
190,683,1.0
191,194,1.0
191,195,1.0
191,312,1.0
191,409,1.0
191,480,1.0
191,583,1.0
191,682,1.0
192,193,1.0
192,195,1.0
192,196,1.0
192,300,1.0
192,964,1.0
193,194,1.0
193,195,1.0
193,200,1.0
193,279,1.0
193,508,1.0
193,568,1.0
193,623,1.0
193,924,1.0
194,195,1.0
194,196,1.0
194,198,1.0
194,334,1.0
194,540,1.0
195,196,1.0
195,197,1.0
195,199,1.0
195,488,1.0
195,870,1.0
196,197,1.0
196,198,1.0
196,258,1.0
196,428,1.0
196,586,1.0
196,852,1.0
197,199,1.0
197,201,1.0
197,319,1.0
197,393,1.0
197,918,1.0
198,200,1.0
198,201,1.0
198,282,1.0
198,357,1.0
198,536,1.0
198,855,1.0
199,203,1.0
199,262,1.0
199,409,1.0
199,975,1.0
199,994,1.0
200,203,1.0
200,255,1.0
200,434,1.0
200,678,1.0
200,800,1.0
201,203,1.0
201,204,1.0
201,205,1.0
201,742,1.0
202,205,1.0
202,307,1.0
202,400,1.0
202,564,1.0
202,947,1.0
202,970,1.0
203,205,1.0
203,206,1.0
203,207,1.0
203,282,1.0
203,377,1.0
203,659,1.0
204,207,1.0
204,208,1.0
204,974,1.0
205,206,1.0
205,207,1.0
205,209,1.0
205,493,1.0
205,584,1.0
205,793,1.0
206,207,1.0
206,208,1.0
206,209,1.0
206,491,1.0
206,981,1.0
207,210,1.0
207,211,1.0
207,216,1.0
207,802,1.0
207,869,1.0
208,209,1.0
208,210,1.0
208,212,1.0
208,379,1.0
209,210,1.0
209,211,1.0
209,212,1.0
209,213,1.0
210,211,1.0
210,212,1.0
210,491,1.0
210,827,1.0
211,212,1.0
211,214,1.0
211,323,1.0
211,499,1.0
212,240,1.0
212,933,1.0
212,958,1.0
213,214,1.0
213,217,1.0
213,227,1.0
213,907,1.0
214,216,1.0
214,217,1.0
214,218,1.0
214,231,1.0
214,585,1.0
215,217,1.0
215,218,1.0
215,219,1.0
215,427,1.0
216,218,1.0
216,219,1.0
216,220,1.0
216,283,1.0
216,638,1.0
217,218,1.0
217,221,1.0
217,262,1.0
217,542,1.0
217,740,1.0
218,219,1.0
218,220,1.0
218,222,1.0
218,332,1.0
219,222,1.0
219,223,1.0
219,235,1.0
219,271,1.0
219,379,1.0
219,692,1.0
219,840,1.0
220,221,1.0
220,223,1.0
220,224,1.0
220,599,1.0
220,654,1.0
221,222,1.0
221,223,1.0
221,224,1.0
221,225,1.0
221,314,1.0
221,439,1.0
221,557,1.0
221,587,1.0
222,223,1.0
222,224,1.0
222,226,1.0
222,237,1.0
222,642,1.0
222,761,1.0
223,224,1.0
223,225,1.0
223,226,1.0
223,227,1.0
224,227,1.0
224,228,1.0
224,320,1.0
224,348,1.0
225,227,1.0
225,310,1.0
225,435,1.0
225,449,1.0
225,527,1.0
225,568,1.0
226,227,1.0
226,228,1.0
226,386,1.0
226,518,1.0
227,229,1.0
227,231,1.0
228,230,1.0
228,232,1.0
228,352,1.0
228,440,1.0
228,454,1.0
228,593,1.0
229,230,1.0
229,233,1.0
229,292,1.0
229,528,1.0
229,720,1.0
229,779,1.0
229,834,1.0
229,904,1.0
229,966,1.0
229,993,1.0
230,231,1.0
230,233,1.0
230,234,1.0
230,546,1.0
230,859,1.0
230,945,1.0
231,232,1.0
231,234,1.0
231,235,1.0
231,522,1.0
231,972,1.0
232,235,1.0
232,636,1.0
232,926,1.0
232,997,1.0
233,235,1.0
233,237,1.0
233,524,1.0
234,236,1.0
234,238,1.0
234,418,1.0
234,424,1.0
234,854,1.0
235,236,1.0
235,237,1.0
235,238,1.0
235,239,1.0
235,384,1.0
235,931,1.0
236,240,1.0
236,378,1.0
236,448,1.0
236,516,1.0
236,908,1.0
237,238,1.0
237,239,1.0
237,240,1.0
237,303,1.0
237,344,1.0
237,357,1.0
238,239,1.0
238,240,1.0
238,242,1.0
238,490,1.0
238,511,1.0
238,533,1.0
238,546,1.0
238,647,1.0
238,677,1.0
239,240,1.0
239,241,1.0
239,242,1.0
239,424,1.0
239,641,1.0
240,242,1.0
240,244,1.0
240,334,1.0
241,243,1.0
241,278,1.0
241,549,1.0
241,648,1.0
241,819,1.0
241,843,1.0
242,244,1.0
242,245,1.0
242,441,1.0
242,769,1.0
242,878,1.0
242,881,1.0
242,956,1.0
243,245,1.0
243,247,1.0
243,272,1.0
243,418,1.0
243,459,1.0
243,798,1.0
243,987,1.0
244,245,1.0
244,295,1.0
244,441,1.0
244,475,1.0
244,484,1.0
244,636,1.0
244,935,1.0
244,964,1.0
245,247,1.0
245,419,1.0
245,646,1.0
245,939,1.0
246,247,1.0
246,249,1.0
246,250,1.0
247,248,1.0
247,249,1.0
247,351,1.0
247,500,1.0
248,250,1.0
248,252,1.0
248,313,1.0
249,353,1.0
249,428,1.0
249,521,1.0
249,570,1.0
249,573,1.0
249,608,1.0
249,706,1.0
249,781,1.0
249,828,1.0
249,832,1.0
250,252,1.0
250,254,1.0
250,525,1.0
251,252,1.0
251,254,1.0
251,540,1.0
251,711,1.0
251,783,1.0
251,946,1.0
252,256,1.0
252,434,1.0
252,491,1.0
252,616,1.0
252,706,1.0
253,256,1.0
253,530,1.0
254,256,1.0
254,257,1.0
254,263,1.0
254,344,1.0
254,455,1.0
254,761,1.0
255,256,1.0
255,257,1.0
255,258,1.0
255,354,1.0
255,668,1.0
256,257,1.0
256,871,1.0
257,258,1.0
257,259,1.0
257,260,1.0
257,388,1.0
257,395,1.0
257,548,1.0
258,262,1.0
258,457,1.0
258,458,1.0
258,896,1.0
259,261,1.0
259,334,1.0
259,433,1.0
259,833,1.0
260,263,1.0
260,284,1.0
260,319,1.0
260,512,1.0
260,851,1.0
261,262,1.0
261,263,1.0
261,264,1.0
261,735,1.0
262,265,1.0
262,278,1.0
262,556,1.0
262,581,1.0
262,873,1.0
263,265,1.0
263,266,1.0
263,267,1.0
263,710,1.0
264,265,1.0
264,267,1.0
264,311,1.0
264,594,1.0
264,973,1.0
265,266,1.0
265,269,1.0
266,267,1.0
266,270,1.0
266,460,1.0
267,268,1.0
267,269,1.0
267,270,1.0
267,368,1.0
267,596,1.0
268,269,1.0
268,270,1.0
268,536,1.0
268,801,1.0
268,916,1.0
269,272,1.0
269,273,1.0
270,271,1.0
270,274,1.0
270,416,1.0
270,663,1.0
270,813,1.0
271,272,1.0
271,275,1.0
271,390,1.0
271,911,1.0
272,275,1.0
272,276,1.0
272,523,1.0
273,274,1.0
273,277,1.0
273,369,1.0
273,867,1.0
274,277,1.0
274,278,1.0
274,282,1.0
274,578,1.0
274,701,1.0
274,705,1.0
274,878,1.0
275,276,1.0
275,319,1.0
275,392,1.0
275,518,1.0
275,704,1.0
275,868,1.0
276,280,1.0
276,292,1.0
276,410,1.0
276,567,1.0
277,279,1.0
277,281,1.0
277,285,1.0
277,355,1.0
277,977,1.0
278,505,1.0
279,281,1.0
279,282,1.0
279,338,1.0
279,525,1.0
279,530,1.0
279,722,1.0
279,845,1.0
279,872,1.0
279,969,1.0
280,282,1.0
280,284,1.0
280,610,1.0
280,914,1.0
280,922,1.0
281,283,1.0
281,284,1.0
281,399,1.0
281,444,1.0
281,745,1.0
281,876,1.0
282,284,1.0
283,286,1.0
283,574,1.0
284,285,1.0
284,286,1.0
284,287,1.0
284,327,1.0
284,565,1.0
285,286,1.0
285,464,1.0
285,470,1.0
286,287,1.0
286,461,1.0
286,568,1.0
286,625,1.0
286,747,1.0
286,825,1.0
286,953,1.0
287,288,1.0
287,381,1.0
287,646,1.0
287,828,1.0
288,290,1.0
288,379,1.0
288,744,1.0
288,889,1.0
289,293,1.0
289,838,1.0
290,292,1.0
290,542,1.0
290,563,1.0
290,788,1.0
291,292,1.0
291,293,1.0
291,294,1.0
291,295,1.0
292,294,1.0
292,397,1.0
292,628,1.0
292,654,1.0
293,294,1.0
293,422,1.0
293,531,1.0
293,564,1.0
293,618,1.0
293,860,1.0
293,917,1.0
294,295,1.0
294,297,1.0
294,552,1.0
295,297,1.0
295,298,1.0
295,299,1.0
295,343,1.0
295,600,1.0
295,917,1.0
296,297,1.0
296,298,1.0
296,300,1.0
296,439,1.0
296,592,1.0
296,866,1.0
297,299,1.0
297,485,1.0
298,299,1.0
298,300,1.0
298,343,1.0
299,300,1.0
299,561,1.0
299,708,1.0
300,301,1.0
300,304,1.0
300,360,1.0
300,425,1.0
300,651,1.0
300,688,1.0
301,303,1.0
301,304,1.0
301,682,1.0
301,982,1.0
301,988,1.0
302,304,1.0
302,305,1.0
302,306,1.0
302,669,1.0
302,998,1.0
303,305,1.0
303,306,1.0
303,420,1.0
303,428,1.0
303,431,1.0
303,620,1.0
303,764,1.0
304,305,1.0
304,307,1.0
304,308,1.0
304,651,1.0
304,789,1.0
305,306,1.0
305,307,1.0
305,309,1.0
305,373,1.0
305,524,1.0
305,805,1.0
306,307,1.0
306,308,1.0
306,310,1.0
306,503,1.0
307,308,1.0
307,311,1.0
307,397,1.0
307,485,1.0
308,310,1.0
308,386,1.0
308,545,1.0
309,311,1.0
309,312,1.0
309,336,1.0
309,649,1.0
309,658,1.0
310,311,1.0
310,312,1.0
310,314,1.0
310,376,1.0
310,619,1.0
311,312,1.0
311,314,1.0
311,354,1.0
311,488,1.0
311,508,1.0
311,643,1.0
312,315,1.0
312,670,1.0
312,800,1.0
312,873,1.0
313,314,1.0
313,532,1.0
313,562,1.0
313,949,1.0
314,316,1.0
314,586,1.0
314,890,1.0
315,317,1.0
315,318,1.0
315,319,1.0
315,378,1.0
315,519,1.0
315,525,1.0
316,319,1.0
316,572,1.0
316,573,1.0
316,633,1.0
316,753,1.0
316,924,1.0
317,320,1.0
317,321,1.0
317,523,1.0
317,615,1.0
317,700,1.0
317,789,1.0
317,800,1.0
317,913,1.0
317,986,1.0
318,319,1.0
318,322,1.0
318,584,1.0
318,712,1.0
318,792,1.0
318,913,1.0
319,321,1.0
319,323,1.0
319,390,1.0
319,476,1.0
319,617,1.0
319,632,1.0
319,699,1.0
319,755,1.0
320,321,1.0
320,497,1.0
320,522,1.0
320,639,1.0
320,852,1.0
321,323,1.0
321,324,1.0
321,325,1.0
321,433,1.0
322,323,1.0
322,325,1.0
322,360,1.0
322,564,1.0
323,325,1.0
323,564,1.0
323,609,1.0
323,672,1.0
323,825,1.0
323,940,1.0
324,325,1.0
324,326,1.0
324,328,1.0
324,606,1.0
324,788,1.0
325,327,1.0
325,328,1.0
325,329,1.0
325,596,1.0
325,707,1.0
326,327,1.0
326,328,1.0
326,329,1.0
326,330,1.0
326,640,1.0
326,673,1.0
326,920,1.0
327,421,1.0
327,769,1.0
327,921,1.0
328,329,1.0
328,330,1.0
328,331,1.0
328,507,1.0
329,330,1.0
329,331,1.0
329,333,1.0
329,996,1.0
330,395,1.0
330,479,1.0
330,667,1.0
331,332,1.0
331,333,1.0
331,335,1.0
331,607,1.0
331,645,1.0
331,937,1.0
332,334,1.0
332,335,1.0
332,336,1.0
332,890,1.0
333,334,1.0
333,448,1.0
333,578,1.0
333,908,1.0
334,337,1.0
334,341,1.0
334,488,1.0
334,981,1.0
335,337,1.0
335,338,1.0
335,339,1.0
335,344,1.0
335,563,1.0
335,763,1.0
335,821,1.0
336,338,1.0
336,339,1.0
336,340,1.0
336,660,1.0
337,338,1.0
337,340,1.0
337,341,1.0
337,460,1.0
338,340,1.0
338,341,1.0
338,342,1.0
338,362,1.0
339,341,1.0
339,342,1.0
339,343,1.0
339,460,1.0
339,852,1.0
340,341,1.0
340,344,1.0
340,359,1.0
340,795,1.0
341,342,1.0
341,343,1.0
341,345,1.0
341,827,1.0
341,884,1.0
341,930,1.0
342,343,1.0
342,497,1.0
342,795,1.0
342,887,1.0
343,346,1.0
343,347,1.0
343,881,1.0
343,895,1.0
344,684,1.0
344,890,1.0
345,346,1.0
345,347,1.0
345,365,1.0
345,457,1.0
346,347,1.0
346,348,1.0
346,349,1.0
346,350,1.0
346,396,1.0
346,540,1.0
346,860,1.0
347,350,1.0
347,351,1.0
347,733,1.0
347,854,1.0
347,945,1.0
348,349,1.0
348,583,1.0
348,695,1.0
348,790,1.0
348,839,1.0
349,350,1.0
349,351,1.0
349,352,1.0
350,351,1.0
350,352,1.0
350,353,1.0
350,354,1.0
350,449,1.0
350,617,1.0
350,661,1.0
351,352,1.0
351,353,1.0
351,355,1.0
351,482,1.0
351,736,1.0
351,914,1.0
352,354,1.0
352,566,1.0
353,354,1.0
353,357,1.0
353,559,1.0
353,909,1.0
354,356,1.0
354,474,1.0
354,476,1.0
354,499,1.0
354,592,1.0
354,977,1.0
355,356,1.0
355,431,1.0
355,438,1.0
355,590,1.0
355,809,1.0
356,357,1.0
356,358,1.0
356,359,1.0
356,360,1.0
357,359,1.0
357,541,1.0
357,923,1.0
358,359,1.0
358,360,1.0
358,361,1.0
358,535,1.0
358,762,1.0
359,360,1.0
359,361,1.0
359,363,1.0
359,774,1.0
360,361,1.0
360,363,1.0
361,363,1.0
361,364,1.0
361,365,1.0
361,439,1.0
362,365,1.0
362,366,1.0
363,365,1.0
363,366,1.0
363,367,1.0
363,429,1.0
363,696,1.0
364,367,1.0
364,406,1.0
364,422,1.0
364,648,1.0
364,685,1.0
364,889,1.0
364,999,1.0
365,366,1.0
365,367,1.0
365,368,1.0
365,369,1.0
365,952,1.0
366,368,1.0
366,370,1.0
366,449,1.0
366,706,1.0
366,808,1.0
366,978,1.0
367,368,1.0
367,369,1.0
367,370,1.0
367,371,1.0
368,370,1.0
368,372,1.0
368,795,1.0
368,822,1.0
369,370,1.0
369,371,1.0
369,372,1.0
369,925,1.0
370,371,1.0
370,372,1.0
370,374,1.0
370,784,1.0
370,795,1.0
371,373,1.0
371,375,1.0
371,572,1.0
372,373,1.0
372,374,1.0
372,375,1.0
372,404,1.0
372,747,1.0
372,838,1.0
373,374,1.0
373,376,1.0
373,377,1.0
373,432,1.0
374,375,1.0
374,377,1.0
374,378,1.0
374,479,1.0
374,671,1.0
375,376,1.0
375,377,1.0
375,378,1.0
375,481,1.0
375,769,1.0
375,844,1.0
376,377,1.0
376,379,1.0
376,594,1.0
376,792,1.0
376,880,1.0
377,378,1.0
377,380,1.0
377,703,1.0
378,475,1.0
378,560,1.0
379,534,1.0
379,644,1.0
379,692,1.0
380,381,1.0
380,383,1.0
380,384,1.0
380,916,1.0
381,382,1.0
381,383,1.0
381,384,1.0
381,385,1.0
381,758,1.0
381,812,1.0
382,383,1.0
382,384,1.0
382,385,1.0
382,386,1.0
382,402,1.0
383,384,1.0
383,385,1.0
383,386,1.0
383,467,1.0
383,812,1.0
383,917,1.0
384,387,1.0
384,987,1.0
384,991,1.0
385,387,1.0
385,388,1.0
385,389,1.0
385,427,1.0
385,818,1.0
385,863,1.0
386,634,1.0
386,706,1.0
386,835,1.0
386,851,1.0
387,389,1.0
387,391,1.0
387,488,1.0
387,715,1.0
388,391,1.0
388,916,1.0
389,392,1.0
389,393,1.0
389,935,1.0
390,391,1.0
390,723,1.0
391,393,1.0
391,395,1.0
391,406,1.0
391,415,1.0
391,563,1.0
391,684,1.0
391,971,1.0
392,393,1.0
392,394,1.0
392,395,1.0
392,799,1.0
393,394,1.0
393,395,1.0
393,396,1.0
394,397,1.0
394,453,1.0
394,915,1.0
395,396,1.0
395,397,1.0
395,398,1.0
395,399,1.0
396,397,1.0
396,399,1.0
396,509,1.0
397,398,1.0
397,399,1.0
398,399,1.0
398,400,1.0
398,401,1.0
398,402,1.0
399,400,1.0
399,402,1.0
399,403,1.0
399,422,1.0
400,403,1.0
400,404,1.0
400,444,1.0
400,692,1.0
400,886,1.0
400,903,1.0
401,402,1.0
401,403,1.0
401,437,1.0
401,579,1.0
402,404,1.0
402,405,1.0
402,406,1.0
403,404,1.0
403,405,1.0
403,406,1.0
403,423,1.0
403,529,1.0
403,550,1.0
404,406,1.0
404,407,1.0
404,408,1.0
404,506,1.0
404,636,1.0
404,751,1.0
404,864,1.0
405,406,1.0
405,408,1.0
405,409,1.0
405,591,1.0
405,763,1.0
406,407,1.0
406,408,1.0
406,555,1.0
406,593,1.0
406,696,1.0
407,408,1.0
407,411,1.0
407,485,1.0
407,622,1.0
407,623,1.0
407,953,1.0
408,411,1.0
408,412,1.0
408,613,1.0
408,947,1.0
408,992,1.0
409,410,1.0
409,412,1.0
410,411,1.0
410,412,1.0
410,413,1.0
410,414,1.0
411,413,1.0
411,415,1.0
411,466,1.0
411,839,1.0
412,414,1.0
412,415,1.0
412,485,1.0
412,532,1.0
413,415,1.0
413,416,1.0
413,668,1.0
414,415,1.0
414,416,1.0
414,418,1.0
414,911,1.0
415,418,1.0
415,517,1.0
415,812,1.0
416,418,1.0
416,449,1.0
416,527,1.0
416,982,1.0
417,418,1.0
417,419,1.0
417,420,1.0
418,421,1.0
419,421,1.0
419,423,1.0
419,475,1.0
419,959,1.0
419,972,1.0
420,421,1.0
420,422,1.0
420,424,1.0
420,530,1.0
420,782,1.0
421,424,1.0
421,641,1.0
421,833,1.0
421,928,1.0
421,960,1.0
422,424,1.0
423,426,1.0
423,859,1.0
423,913,1.0
424,428,1.0
424,528,1.0
424,778,1.0
424,835,1.0
425,427,1.0
425,460,1.0
425,471,1.0
425,501,1.0
425,822,1.0
426,428,1.0
426,590,1.0
426,728,1.0
426,890,1.0
426,942,1.0
427,429,1.0
427,430,1.0
427,468,1.0
427,506,1.0
427,629,1.0
427,993,1.0
428,429,1.0
428,612,1.0
428,868,1.0
428,891,1.0
429,430,1.0
429,432,1.0
429,692,1.0
429,774,1.0
429,887,1.0
430,431,1.0
430,432,1.0
430,434,1.0
431,434,1.0
431,438,1.0
431,529,1.0
432,433,1.0
432,434,1.0
432,435,1.0
432,436,1.0
432,965,1.0
433,435,1.0
433,436,1.0
433,648,1.0
433,671,1.0
433,893,1.0
433,905,1.0
433,965,1.0
434,435,1.0
434,436,1.0
434,437,1.0
434,931,1.0
435,437,1.0
435,480,1.0
435,869,1.0
435,901,1.0
436,437,1.0
436,438,1.0
436,439,1.0
436,587,1.0
436,588,1.0
436,974,1.0
437,438,1.0
437,440,1.0
437,453,1.0
438,441,1.0
438,442,1.0
438,481,1.0
438,483,1.0
438,520,1.0
439,443,1.0
439,536,1.0
439,567,1.0
439,916,1.0
440,442,1.0
440,443,1.0
440,623,1.0
440,768,1.0
441,444,1.0
441,445,1.0
441,538,1.0
442,443,1.0
442,445,1.0
442,558,1.0
442,977,1.0
443,445,1.0
443,474,1.0
443,737,1.0
443,983,1.0
444,445,1.0
444,446,1.0
445,448,1.0
445,464,1.0
445,471,1.0
445,529,1.0
445,618,1.0
445,707,1.0
446,447,1.0
446,449,1.0
446,461,1.0
446,790,1.0
446,805,1.0
447,448,1.0
447,450,1.0
447,642,1.0
448,450,1.0
448,451,1.0
448,720,1.0
448,885,1.0
448,989,1.0
449,461,1.0
449,621,1.0
449,751,1.0
450,451,1.0
450,452,1.0
450,453,1.0
450,454,1.0
450,915,1.0
451,452,1.0
451,453,1.0
451,640,1.0
451,743,1.0
451,842,1.0
452,456,1.0
452,519,1.0
453,455,1.0
453,456,1.0
453,457,1.0
453,485,1.0
453,691,1.0
453,791,1.0
453,843,1.0
454,457,1.0
454,458,1.0
454,529,1.0
454,578,1.0
455,456,1.0
455,459,1.0
456,457,1.0
456,458,1.0
456,506,1.0
456,549,1.0
456,716,1.0
456,841,1.0
457,458,1.0
457,459,1.0
457,460,1.0
457,461,1.0
458,459,1.0
458,461,1.0
458,991,1.0
459,460,1.0
459,462,1.0
459,496,1.0
459,585,1.0
459,925,1.0
460,461,1.0
460,462,1.0
460,463,1.0
460,849,1.0
460,971,1.0
461,462,1.0
461,464,1.0
461,705,1.0
462,463,1.0
462,465,1.0
462,466,1.0
462,514,1.0
463,466,1.0
463,467,1.0
463,494,1.0
463,602,1.0
463,761,1.0
463,969,1.0
464,467,1.0
464,780,1.0
465,467,1.0
465,468,1.0
465,469,1.0
466,470,1.0
466,628,1.0
466,716,1.0
466,803,1.0
467,469,1.0
467,470,1.0
467,471,1.0
468,469,1.0
468,470,1.0
468,493,1.0
469,470,1.0
469,471,1.0
469,472,1.0
469,473,1.0
470,473,1.0
470,474,1.0
471,472,1.0
471,475,1.0
471,570,1.0
472,473,1.0
472,475,1.0
472,743,1.0
472,859,1.0
473,474,1.0
473,476,1.0
473,477,1.0
473,783,1.0
473,804,1.0
474,475,1.0
474,476,1.0
474,477,1.0
474,511,1.0
474,725,1.0
475,680,1.0
475,904,1.0
475,924,1.0
476,477,1.0
476,480,1.0
477,478,1.0
477,479,1.0
477,481,1.0
477,492,1.0
477,507,1.0
477,526,1.0
477,926,1.0
478,479,1.0
478,480,1.0
478,481,1.0
478,588,1.0
479,482,1.0
479,483,1.0
480,481,1.0
480,483,1.0
480,484,1.0
481,484,1.0
481,485,1.0
481,548,1.0
481,566,1.0
482,485,1.0
482,550,1.0
482,681,1.0
483,484,1.0
483,485,1.0
483,689,1.0
484,486,1.0
484,487,1.0
484,711,1.0
484,730,1.0
485,487,1.0
485,715,1.0
486,487,1.0
486,489,1.0
486,490,1.0
486,817,1.0
486,928,1.0
487,489,1.0
487,490,1.0
487,573,1.0
488,490,1.0
488,613,1.0
489,491,1.0
489,493,1.0
489,627,1.0
489,697,1.0
489,756,1.0
489,921,1.0
489,999,1.0
490,493,1.0
490,506,1.0
490,771,1.0
490,988,1.0
491,495,1.0
491,776,1.0
492,494,1.0
492,496,1.0
492,697,1.0
493,497,1.0
493,887,1.0
494,495,1.0
494,496,1.0
495,496,1.0
495,497,1.0
495,498,1.0
496,498,1.0
496,499,1.0
496,500,1.0
496,890,1.0
497,498,1.0
497,500,1.0
497,538,1.0
498,499,1.0
498,500,1.0
498,502,1.0
499,500,1.0
499,501,1.0
499,503,1.0
499,968,1.0
500,501,1.0
500,502,1.0
500,503,1.0
500,504,1.0
500,826,1.0
501,502,1.0
501,505,1.0
501,596,1.0
501,704,1.0
501,748,1.0
501,815,1.0
501,897,1.0
502,503,1.0
502,504,1.0
502,505,1.0
502,886,1.0
502,913,1.0
502,961,1.0
503,765,1.0
503,795,1.0
503,804,1.0
504,507,1.0
504,664,1.0
504,797,1.0
504,828,1.0
504,871,1.0
504,951,1.0
505,507,1.0
505,508,1.0
505,548,1.0
505,857,1.0
506,510,1.0
507,534,1.0
507,603,1.0
507,772,1.0
508,512,1.0
508,833,1.0
509,510,1.0
509,511,1.0
509,513,1.0
509,859,1.0
510,511,1.0
510,512,1.0
510,513,1.0
510,514,1.0
510,774,1.0
511,512,1.0
511,513,1.0
511,804,1.0
512,514,1.0
512,516,1.0
512,576,1.0
512,689,1.0
512,792,1.0
513,515,1.0
513,516,1.0
513,517,1.0
513,746,1.0
513,857,1.0
513,905,1.0
514,516,1.0
514,517,1.0
514,518,1.0
515,516,1.0
515,518,1.0
515,519,1.0
515,547,1.0
516,517,1.0
516,518,1.0
516,520,1.0
516,599,1.0
516,634,1.0
517,518,1.0
517,519,1.0
517,520,1.0
517,521,1.0
517,718,1.0
518,519,1.0
518,893,1.0
518,937,1.0
518,969,1.0
518,992,1.0
519,702,1.0
520,522,1.0
520,523,1.0
520,782,1.0
521,522,1.0
521,524,1.0
521,636,1.0
521,797,1.0
521,991,1.0
522,524,1.0
522,526,1.0
522,823,1.0
522,936,1.0
523,525,1.0
523,527,1.0
524,526,1.0
524,527,1.0
524,975,1.0
525,638,1.0
525,723,1.0
526,527,1.0
526,528,1.0
526,530,1.0
527,528,1.0
527,529,1.0
527,530,1.0
527,531,1.0
527,919,1.0
528,530,1.0
528,774,1.0
529,530,1.0
529,600,1.0
529,902,1.0
530,533,1.0
530,996,1.0
531,532,1.0
531,534,1.0
531,633,1.0
531,874,1.0
532,596,1.0
532,687,1.0
532,882,1.0
533,534,1.0
533,537,1.0
533,937,1.0
534,536,1.0
534,537,1.0
534,781,1.0
534,795,1.0
535,536,1.0
535,539,1.0
535,570,1.0
535,728,1.0
535,984,1.0
536,538,1.0
536,540,1.0
536,662,1.0
536,756,1.0
536,801,1.0
537,538,1.0
537,539,1.0
537,541,1.0
537,709,1.0
538,541,1.0
538,542,1.0
538,797,1.0
538,962,1.0
539,542,1.0
539,722,1.0
539,951,1.0
539,957,1.0
540,541,1.0
540,542,1.0
541,542,1.0
541,543,1.0
541,544,1.0
541,663,1.0
541,764,1.0
541,929,1.0
542,543,1.0
542,546,1.0
542,670,1.0
542,783,1.0
543,544,1.0
543,547,1.0
543,680,1.0
543,743,1.0
543,805,1.0
544,546,1.0
544,548,1.0
544,569,1.0
544,897,1.0
545,546,1.0
545,549,1.0
545,698,1.0
545,835,1.0
545,959,1.0
546,548,1.0
546,549,1.0
546,932,1.0
547,548,1.0
547,549,1.0
547,550,1.0
547,551,1.0
547,557,1.0
548,550,1.0
548,552,1.0
549,550,1.0
549,551,1.0
549,552,1.0
549,813,1.0
550,551,1.0
550,552,1.0
550,553,1.0
550,554,1.0
550,595,1.0
550,869,1.0
551,553,1.0
551,555,1.0
551,560,1.0
551,624,1.0
551,679,1.0
551,789,1.0
552,554,1.0
552,635,1.0
552,678,1.0
552,750,1.0
552,800,1.0
553,554,1.0
553,555,1.0
553,556,1.0
553,557,1.0
553,572,1.0
553,776,1.0
554,555,1.0
554,556,1.0
554,557,1.0
554,558,1.0
555,557,1.0
555,604,1.0
555,654,1.0
555,659,1.0
556,557,1.0
556,558,1.0
557,560,1.0
557,561,1.0
558,559,1.0
558,561,1.0
558,562,1.0
558,564,1.0
558,703,1.0
559,560,1.0
559,588,1.0
559,625,1.0
559,878,1.0
560,562,1.0
560,564,1.0
560,712,1.0
561,562,1.0
561,563,1.0
561,564,1.0
561,565,1.0
562,563,1.0
562,565,1.0
562,566,1.0
563,566,1.0
564,565,1.0
564,566,1.0
565,569,1.0
565,800,1.0
565,817,1.0
566,567,1.0
566,569,1.0
566,570,1.0
567,569,1.0
567,571,1.0
567,770,1.0
568,570,1.0
568,571,1.0
568,625,1.0
568,760,1.0
568,875,1.0
569,571,1.0
569,573,1.0
569,734,1.0
569,771,1.0
570,572,1.0
570,573,1.0
570,574,1.0
571,572,1.0
571,573,1.0
571,575,1.0
571,668,1.0
572,575,1.0
572,576,1.0
572,582,1.0
572,669,1.0
572,716,1.0
573,575,1.0
573,622,1.0
574,575,1.0
574,576,1.0
574,577,1.0
574,578,1.0
574,845,1.0
574,860,1.0
574,994,1.0
575,576,1.0
575,577,1.0
575,579,1.0
575,595,1.0
575,692,1.0
576,577,1.0
576,579,1.0
576,655,1.0
577,578,1.0
577,579,1.0
577,580,1.0
577,581,1.0
577,666,1.0
577,944,1.0
578,580,1.0
578,581,1.0
578,643,1.0
579,583,1.0
579,672,1.0
579,711,1.0
579,860,1.0
579,957,1.0
580,582,1.0
580,600,1.0
580,875,1.0
581,582,1.0
581,584,1.0
581,585,1.0
582,583,1.0
582,584,1.0
582,585,1.0
582,586,1.0
582,651,1.0
582,880,1.0
583,586,1.0
583,709,1.0
584,588,1.0
584,641,1.0
584,796,1.0
584,904,1.0
585,587,1.0
585,588,1.0
586,587,1.0
586,588,1.0
586,590,1.0
586,661,1.0
587,588,1.0
587,590,1.0
587,730,1.0
587,745,1.0
588,589,1.0
588,702,1.0
589,590,1.0
589,591,1.0
589,592,1.0
589,593,1.0
589,606,1.0
590,593,1.0
590,594,1.0
590,851,1.0
590,891,1.0
590,918,1.0
591,592,1.0
591,594,1.0
591,595,1.0
591,927,1.0
592,595,1.0
592,596,1.0
593,594,1.0
593,595,1.0
593,597,1.0
593,784,1.0
594,598,1.0
594,621,1.0
594,651,1.0
595,598,1.0
595,983,1.0
596,598,1.0
596,600,1.0
596,693,1.0
597,599,1.0
597,601,1.0
597,670,1.0
597,822,1.0
598,599,1.0
598,600,1.0
598,601,1.0
598,656,1.0
598,691,1.0
598,740,1.0
598,828,1.0
599,602,1.0
599,857,1.0
600,601,1.0
600,602,1.0
600,604,1.0
600,936,1.0
601,603,1.0
601,604,1.0
601,605,1.0
602,603,1.0
602,604,1.0
602,605,1.0
602,606,1.0
603,604,1.0
603,605,1.0
603,606,1.0
603,607,1.0
604,605,1.0
604,606,1.0
604,607,1.0
604,608,1.0
604,807,1.0
604,895,1.0
605,608,1.0
605,609,1.0
605,741,1.0
606,608,1.0
606,609,1.0
606,610,1.0
607,608,1.0
607,609,1.0
607,610,1.0
607,724,1.0
608,610,1.0
608,611,1.0
608,612,1.0
608,677,1.0
608,854,1.0
609,610,1.0
609,612,1.0
609,613,1.0
610,651,1.0
611,613,1.0
611,614,1.0
611,615,1.0
611,962,1.0
612,613,1.0
612,616,1.0
612,749,1.0
613,616,1.0
613,887,1.0
614,615,1.0
614,616,1.0
614,617,1.0
614,618,1.0
614,881,1.0
615,617,1.0
615,619,1.0
615,666,1.0
616,618,1.0
616,620,1.0
616,772,1.0
616,853,1.0
617,618,1.0
617,619,1.0
617,621,1.0
618,621,1.0
618,845,1.0
619,622,1.0
619,657,1.0
619,827,1.0
620,622,1.0
620,623,1.0
620,624,1.0
620,705,1.0
621,622,1.0
621,624,1.0
621,625,1.0
622,623,1.0
622,625,1.0
622,626,1.0
622,679,1.0
622,822,1.0
623,625,1.0
623,627,1.0
623,735,1.0
624,625,1.0
624,627,1.0
624,628,1.0
624,774,1.0
624,925,1.0
624,995,1.0
625,627,1.0
625,629,1.0
626,627,1.0
626,628,1.0
626,629,1.0
627,628,1.0
627,629,1.0
628,629,1.0
628,632,1.0
628,817,1.0
629,630,1.0
629,631,1.0
630,631,1.0
630,632,1.0
630,633,1.0
630,634,1.0
631,632,1.0
631,633,1.0
631,634,1.0
631,635,1.0
632,633,1.0
632,634,1.0
632,635,1.0
632,713,1.0
633,634,1.0
633,988,1.0
634,635,1.0
634,636,1.0
634,637,1.0
635,636,1.0
635,637,1.0
635,638,1.0
635,639,1.0
636,637,1.0
636,640,1.0
637,638,1.0
637,639,1.0
637,640,1.0
637,641,1.0
638,641,1.0
638,763,1.0
638,802,1.0
639,640,1.0
639,641,1.0
640,643,1.0
640,644,1.0
641,642,1.0
641,644,1.0
642,644,1.0
642,646,1.0
642,772,1.0
643,644,1.0
643,646,1.0
643,647,1.0
644,645,1.0
644,646,1.0
644,760,1.0
645,646,1.0
645,647,1.0
645,648,1.0
645,649,1.0
645,735,1.0
646,647,1.0
646,648,1.0
646,650,1.0
647,648,1.0
647,650,1.0
648,649,1.0
648,651,1.0
648,652,1.0
649,650,1.0
649,651,1.0
649,652,1.0
650,651,1.0
650,652,1.0
650,867,1.0
651,655,1.0
652,653,1.0
652,655,1.0
652,656,1.0
652,826,1.0
653,654,1.0
653,657,1.0
653,832,1.0
653,979,1.0
654,935,1.0
654,950,1.0
655,657,1.0
655,658,1.0
655,659,1.0
656,658,1.0
656,659,1.0
656,867,1.0
657,658,1.0
657,660,1.0
658,659,1.0
658,660,1.0
658,696,1.0
659,660,1.0
659,661,1.0
659,662,1.0
659,877,1.0
660,662,1.0
660,663,1.0
660,664,1.0
660,874,1.0
661,662,1.0
661,663,1.0
661,664,1.0
662,664,1.0
662,665,1.0
662,699,1.0
662,842,1.0
663,664,1.0
663,665,1.0
663,666,1.0
663,667,1.0
663,844,1.0
664,666,1.0
664,668,1.0
665,666,1.0
665,667,1.0
665,668,1.0
665,669,1.0
665,893,1.0
666,668,1.0
666,669,1.0
666,888,1.0
667,668,1.0
667,669,1.0
667,670,1.0
668,670,1.0
668,671,1.0
669,671,1.0
669,672,1.0
669,961,1.0
670,671,1.0
670,672,1.0
670,882,1.0
671,673,1.0
671,674,1.0
671,675,1.0
671,829,1.0
672,674,1.0
672,675,1.0
672,757,1.0
672,938,1.0
673,674,1.0
673,675,1.0
673,677,1.0
673,765,1.0
674,675,1.0
674,676,1.0
674,677,1.0
674,678,1.0
674,767,1.0
675,676,1.0
675,677,1.0
675,678,1.0
675,679,1.0
676,678,1.0
676,679,1.0
676,680,1.0
677,678,1.0
677,680,1.0
677,911,1.0
677,970,1.0
678,679,1.0
678,680,1.0
678,681,1.0
679,680,1.0
679,681,1.0
679,996,1.0
680,682,1.0
680,683,1.0
680,684,1.0
681,682,1.0
681,683,1.0
681,684,1.0
681,685,1.0
682,684,1.0
682,685,1.0
682,686,1.0
683,684,1.0
683,687,1.0
683,752,1.0
683,753,1.0
683,782,1.0
683,797,1.0
684,686,1.0
684,687,1.0
685,686,1.0
685,688,1.0
685,753,1.0
686,687,1.0
686,688,1.0
686,689,1.0
686,965,1.0
686,977,1.0
687,689,1.0
687,690,1.0
687,826,1.0
688,689,1.0
688,692,1.0
688,765,1.0
689,693,1.0
689,762,1.0
689,888,1.0
690,692,1.0
690,694,1.0
690,831,1.0
690,929,1.0
691,693,1.0
691,694,1.0
691,867,1.0
692,693,1.0
692,694,1.0
693,694,1.0
693,695,1.0
693,696,1.0
693,954,1.0
694,696,1.0
694,697,1.0
694,698,1.0
695,697,1.0
695,698,1.0
695,824,1.0
696,698,1.0
696,699,1.0
696,784,1.0
697,699,1.0
697,700,1.0
697,701,1.0
697,809,1.0
698,700,1.0
698,702,1.0
698,962,1.0
699,700,1.0
699,703,1.0
699,743,1.0
699,938,1.0
700,701,1.0
700,702,1.0
700,703,1.0
700,862,1.0
700,921,1.0
701,702,1.0
701,704,1.0
701,705,1.0
701,729,1.0
701,920,1.0
702,704,1.0
702,706,1.0
702,785,1.0
702,950,1.0
703,704,1.0
703,707,1.0
703,877,1.0
704,706,1.0
704,707,1.0
704,708,1.0
705,710,1.0
706,708,1.0
706,910,1.0
706,995,1.0
707,708,1.0
708,710,1.0
708,712,1.0
708,848,1.0
708,889,1.0
708,927,1.0
709,710,1.0
709,713,1.0
710,711,1.0
710,712,1.0
710,714,1.0
711,712,1.0
711,714,1.0
712,713,1.0
712,714,1.0
712,715,1.0
713,716,1.0
713,717,1.0
714,715,1.0
714,716,1.0
714,717,1.0
714,718,1.0
715,716,1.0
715,717,1.0
715,718,1.0
715,796,1.0
716,717,1.0
716,720,1.0
717,718,1.0
717,719,1.0
717,720,1.0
717,975,1.0
717,992,1.0
718,719,1.0
718,721,1.0
719,720,1.0
719,721,1.0
719,722,1.0
719,723,1.0
719,866,1.0
720,721,1.0
720,849,1.0
720,889,1.0
720,937,1.0
721,723,1.0
721,724,1.0
721,773,1.0
721,839,1.0
721,981,1.0
722,723,1.0
722,724,1.0
722,725,1.0
722,726,1.0
723,724,1.0
724,725,1.0
724,726,1.0
724,728,1.0
725,726,1.0
725,727,1.0
725,729,1.0
726,727,1.0
726,728,1.0
726,729,1.0
726,730,1.0
727,731,1.0
727,773,1.0
727,940,1.0
728,730,1.0
728,731,1.0
728,894,1.0
728,979,1.0
729,730,1.0
729,731,1.0
729,948,1.0
730,731,1.0
730,941,1.0
731,732,1.0
731,733,1.0
731,734,1.0
731,735,1.0
732,733,1.0
732,735,1.0
732,736,1.0
732,851,1.0
732,947,1.0
732,970,1.0
733,735,1.0
733,736,1.0
733,737,1.0
733,840,1.0
734,735,1.0
734,737,1.0
734,853,1.0
735,738,1.0
735,739,1.0
735,986,1.0
736,737,1.0
736,738,1.0
736,739,1.0
736,833,1.0
736,922,1.0
737,738,1.0
737,739,1.0
737,741,1.0
738,739,1.0
738,740,1.0
738,742,1.0
738,848,1.0
738,924,1.0
739,741,1.0
739,742,1.0
739,743,1.0
739,758,1.0
740,741,1.0
740,743,1.0
740,770,1.0
740,797,1.0
741,742,1.0
741,743,1.0
741,745,1.0
742,745,1.0
742,835,1.0
743,746,1.0
743,747,1.0
743,809,1.0
744,745,1.0
744,746,1.0
744,748,1.0
745,746,1.0
745,824,1.0
746,747,1.0
746,748,1.0
746,750,1.0
747,748,1.0
747,749,1.0
747,750,1.0
747,932,1.0
748,749,1.0
748,750,1.0
748,752,1.0
749,751,1.0
749,752,1.0
749,753,1.0
750,751,1.0
750,752,1.0
750,753,1.0
750,754,1.0
751,752,1.0
752,754,1.0
752,795,1.0
753,756,1.0
754,755,1.0
754,757,1.0
754,758,1.0
755,756,1.0
755,759,1.0
755,948,1.0
756,760,1.0
756,841,1.0
757,761,1.0
758,759,1.0
758,851,1.0
758,894,1.0
759,760,1.0
759,761,1.0
759,762,1.0
759,763,1.0
759,849,1.0
760,762,1.0
760,764,1.0
760,957,1.0
761,985,1.0
762,764,1.0
762,766,1.0
762,958,1.0
763,766,1.0
763,767,1.0
764,765,1.0
764,768,1.0
764,931,1.0
765,768,1.0
765,769,1.0
765,818,1.0
766,767,1.0
766,768,1.0
766,769,1.0
767,768,1.0
767,769,1.0
767,771,1.0
768,769,1.0
768,770,1.0
768,771,1.0
768,866,1.0
768,872,1.0
769,772,1.0
769,773,1.0
770,771,1.0
770,772,1.0
771,772,1.0
771,773,1.0
771,774,1.0
772,773,1.0
772,775,1.0
773,774,1.0
773,775,1.0
773,776,1.0
773,777,1.0
773,836,1.0
773,946,1.0
774,776,1.0
775,776,1.0
775,777,1.0
775,987,1.0
776,777,1.0
776,778,1.0
776,780,1.0
777,778,1.0
777,780,1.0
777,781,1.0
777,926,1.0
778,779,1.0
778,780,1.0
778,782,1.0
778,834,1.0
778,870,1.0
779,782,1.0
779,850,1.0
779,924,1.0
780,781,1.0
780,782,1.0
780,784,1.0
781,782,1.0
781,784,1.0
781,785,1.0
781,922,1.0
782,784,1.0
782,785,1.0
783,786,1.0
783,866,1.0
784,834,1.0
784,930,1.0
785,787,1.0
785,788,1.0
785,789,1.0
786,787,1.0
786,788,1.0
786,789,1.0
786,790,1.0
786,938,1.0
787,791,1.0
788,789,1.0
788,792,1.0
789,793,1.0
789,945,1.0
790,791,1.0
790,793,1.0
791,792,1.0
791,794,1.0
791,795,1.0
792,793,1.0
792,968,1.0
793,795,1.0
793,796,1.0
794,795,1.0
794,796,1.0
794,797,1.0
796,797,1.0
796,798,1.0
797,816,1.0
797,943,1.0
798,800,1.0
798,801,1.0
798,802,1.0
798,879,1.0
799,800,1.0
799,801,1.0
799,802,1.0
800,802,1.0
800,803,1.0
800,853,1.0
801,802,1.0
801,805,1.0
801,819,1.0
802,803,1.0
802,805,1.0
802,934,1.0
803,804,1.0
803,805,1.0
803,807,1.0
804,806,1.0
804,986,1.0
805,806,1.0
806,807,1.0
806,808,1.0
806,809,1.0
806,810,1.0
806,812,1.0
807,810,1.0
807,811,1.0
807,837,1.0
807,886,1.0
808,811,1.0
808,812,1.0
809,810,1.0
809,812,1.0
809,813,1.0
810,811,1.0
810,812,1.0
810,813,1.0
810,814,1.0
810,994,1.0
811,812,1.0
811,813,1.0
811,814,1.0
811,868,1.0
812,814,1.0
813,814,1.0
813,816,1.0
813,817,1.0
814,815,1.0
814,816,1.0
814,817,1.0
814,818,1.0
814,949,1.0
815,817,1.0
815,818,1.0
815,982,1.0
816,817,1.0
816,818,1.0
816,819,1.0
817,819,1.0
817,821,1.0
818,821,1.0
818,822,1.0
818,998,1.0
819,822,1.0
819,922,1.0
819,975,1.0
820,821,1.0
820,822,1.0
820,823,1.0
821,822,1.0
821,823,1.0
821,824,1.0
822,823,1.0
822,824,1.0
822,830,1.0
823,824,1.0
823,825,1.0
823,826,1.0
823,827,1.0
824,825,1.0
824,826,1.0
824,828,1.0
825,826,1.0
825,828,1.0
825,992,1.0
826,969,1.0
826,976,1.0
826,982,1.0
827,829,1.0
827,830,1.0
827,831,1.0
828,830,1.0
828,900,1.0
829,830,1.0
829,831,1.0
829,833,1.0
830,832,1.0
830,833,1.0
830,834,1.0
830,985,1.0
831,833,1.0
831,834,1.0
831,835,1.0
831,889,1.0
832,833,1.0
833,835,1.0
834,838,1.0
835,837,1.0
836,837,1.0
836,840,1.0
837,839,1.0
837,840,1.0
837,841,1.0
838,839,1.0
838,918,1.0
839,840,1.0
839,905,1.0
840,841,1.0
840,842,1.0
840,844,1.0
841,842,1.0
841,845,1.0
842,843,1.0
842,844,1.0
842,846,1.0
843,844,1.0
843,845,1.0
844,846,1.0
844,906,1.0
845,847,1.0
845,848,1.0
846,847,1.0
846,848,1.0
846,849,1.0
846,850,1.0
847,848,1.0
847,849,1.0
847,977,1.0
848,850,1.0
848,851,1.0
849,853,1.0
850,852,1.0
850,853,1.0
850,854,1.0
850,872,1.0
851,853,1.0
851,854,1.0
852,853,1.0
852,856,1.0
852,917,1.0
853,854,1.0
853,855,1.0
853,857,1.0
853,885,1.0
853,911,1.0
854,855,1.0
855,856,1.0
856,858,1.0
856,859,1.0
856,860,1.0
857,860,1.0
857,861,1.0
857,964,1.0
858,860,1.0
858,861,1.0
858,867,1.0
860,863,1.0
860,864,1.0
861,863,1.0
861,864,1.0
861,865,1.0
862,863,1.0
862,864,1.0
862,866,1.0
863,864,1.0
863,865,1.0
863,866,1.0
863,992,1.0
864,866,1.0
864,868,1.0
865,866,1.0
865,867,1.0
865,868,1.0
865,902,1.0
866,869,1.0
867,870,1.0
868,869,1.0
868,993,1.0
869,870,1.0
869,871,1.0
870,872,1.0
870,873,1.0
870,897,1.0
871,872,1.0
871,874,1.0
871,875,1.0
872,873,1.0
872,875,1.0
873,874,1.0
873,875,1.0
873,876,1.0
873,877,1.0
874,876,1.0
874,878,1.0
875,876,1.0
875,877,1.0
875,878,1.0
875,879,1.0
875,979,1.0
876,877,1.0
876,879,1.0
876,880,1.0
877,878,1.0
877,880,1.0
878,881,1.0
879,881,1.0
879,883,1.0
880,882,1.0
880,883,1.0
881,884,1.0
881,885,1.0
882,884,1.0
882,885,1.0
882,976,1.0
883,884,1.0
883,885,1.0
883,886,1.0
883,887,1.0
884,885,1.0
884,886,1.0
884,887,1.0
884,888,1.0
884,980,1.0
885,886,1.0
885,888,1.0
886,889,1.0
886,890,1.0
887,942,1.0
888,890,1.0
888,891,1.0
889,891,1.0
889,892,1.0
890,893,1.0
890,914,1.0
890,943,1.0
890,946,1.0
890,978,1.0
891,892,1.0
891,893,1.0
892,895,1.0
893,978,1.0
894,896,1.0
894,898,1.0
894,929,1.0
895,896,1.0
895,898,1.0
895,899,1.0
896,897,1.0
896,898,1.0
896,899,1.0
896,900,1.0
897,898,1.0
897,899,1.0
898,899,1.0
898,900,1.0
898,902,1.0
899,900,1.0
899,901,1.0
899,902,1.0
899,903,1.0
900,901,1.0
900,902,1.0
900,904,1.0
901,902,1.0
901,904,1.0
901,905,1.0
902,905,1.0
902,906,1.0
903,905,1.0
903,906,1.0
903,907,1.0
904,905,1.0
904,908,1.0
905,906,1.0
905,908,1.0
905,948,1.0
906,908,1.0
906,909,1.0
906,910,1.0
907,908,1.0
907,909,1.0
907,910,1.0
907,911,1.0
908,909,1.0
908,910,1.0
908,912,1.0
909,912,1.0
909,913,1.0
910,914,1.0
911,912,1.0
911,952,1.0
912,914,1.0
912,915,1.0
912,916,1.0
913,916,1.0
914,916,1.0
914,918,1.0
914,956,1.0
915,919,1.0
916,918,1.0
916,920,1.0
916,955,1.0
917,918,1.0
918,919,1.0
918,920,1.0
918,922,1.0
919,920,1.0
919,922,1.0
919,923,1.0
919,960,1.0
920,922,1.0
920,924,1.0
921,922,1.0
921,924,1.0
922,923,1.0
923,924,1.0
923,925,1.0
923,927,1.0
924,925,1.0
924,928,1.0
924,958,1.0
925,927,1.0
926,927,1.0
926,928,1.0
926,930,1.0
927,928,1.0
927,930,1.0
928,930,1.0
928,931,1.0
928,932,1.0
929,931,1.0
929,932,1.0
930,931,1.0
930,932,1.0
931,935,1.0
932,934,1.0
932,936,1.0
933,934,1.0
933,937,1.0
934,935,1.0
934,936,1.0
935,936,1.0
935,937,1.0
935,938,1.0
936,937,1.0
936,938,1.0
936,939,1.0
937,938,1.0
937,940,1.0
938,940,1.0
939,941,1.0
939,942,1.0
939,943,1.0
940,944,1.0
941,943,1.0
941,944,1.0
942,944,1.0
942,945,1.0
942,946,1.0
942,955,1.0
943,945,1.0
943,946,1.0
944,945,1.0
944,946,1.0
944,947,1.0
945,946,1.0
945,949,1.0
946,972,1.0
947,949,1.0
947,950,1.0
947,951,1.0
948,949,1.0
948,950,1.0
949,950,1.0
949,958,1.0
949,987,1.0
950,951,1.0
950,952,1.0
951,953,1.0
952,953,1.0
952,956,1.0
953,957,1.0
954,955,1.0
954,956,1.0
954,958,1.0
955,957,1.0
955,958,1.0
955,959,1.0
955,988,1.0
956,959,1.0
957,958,1.0
957,961,1.0
958,961,1.0
959,960,1.0
959,961,1.0
959,962,1.0
960,962,1.0
960,963,1.0
961,962,1.0
961,963,1.0
962,989,1.0
963,965,1.0
963,966,1.0
963,967,1.0
964,967,1.0
964,968,1.0
965,968,1.0
965,969,1.0
966,967,1.0
966,968,1.0
966,969,1.0
967,968,1.0
967,970,1.0
967,971,1.0
968,969,1.0
968,972,1.0
970,971,1.0
971,973,1.0
971,974,1.0
972,975,1.0
973,975,1.0
973,977,1.0
973,983,1.0
974,975,1.0
974,976,1.0
974,978,1.0
975,976,1.0
975,977,1.0
976,978,1.0
976,979,1.0
976,980,1.0
977,978,1.0
977,980,1.0
978,981,1.0
978,982,1.0
979,982,1.0
979,983,1.0
980,981,1.0
980,983,1.0
980,984,1.0
981,982,1.0
982,984,1.0
982,986,1.0
983,984,1.0
983,985,1.0
983,986,1.0
983,987,1.0
984,985,1.0
984,986,1.0
985,987,1.0
985,989,1.0
986,989,1.0
986,990,1.0
987,988,1.0
987,989,1.0
987,991,1.0
988,992,1.0
989,990,1.0
989,991,1.0
990,991,1.0
990,992,1.0
990,993,1.0
990,994,1.0
991,992,1.0
991,995,1.0
993,994,1.0
993,995,1.0
994,997,1.0
994,998,1.0
995,998,1.0
995,999,1.0
996,997,1.0
996,998,1.0
997,998,1.0
998,999,1.0
